id;id_video;content;norm_bitrate;complexity;complexity_class;resolution;caching;bitrate_video;framerate_video;dropped_video;bitrate_audio;dropped_audio;begin_time;screen_size;id_user;age_user;sex_user;mos
96;1;News;5,21;5,21;0;1080;1000;2618;29;5;42;3;596;1920x1200;1;25;men;3
114;1;News;5,21;5,21;0;480;1000;891,33;30;0;81;3;1288;1920x1200;1;25;men;3
203;1;News;5,21;5,21;0;360;1000;700,89;30;0;56;2;559;1920x1200;1;25;men;3
247;1;News;5,21;5,21;0;144;100;82;1;18;22;0;756;1920x1200;1;25;men;1
254;1;News;5,21;5,21;0;360;800;836,22;30;0;58;2;506;1920x1200;1;25;men;3
262;1;News;5,21;5,21;0;360;400;1026;29;0;42;2;1279;1920x1200;1;25;men;4
341;1;News;5,21;5,21;0;144;400;66,44;10;0;21;0;763;1920x1200;1;25;men;1
385;1;News;5,21;5,21;0;240;1000;387,44;30;0;38;2;502;1920x1200;1;25;men;2
394;1;News;5,21;5,21;0;144;200;78,78;10;1;22;0;546;1920x1200;1;25;men;1
411;1;News;5,21;5,21;0;240;400;156,33;30;0;38;2;576;1920x1200;1;25;men;2
416;1;News;5,21;5,21;0;480;1000;1302,44;30;0;61;3;599;1920x1200;1;25;men;4
460;1;News;5,21;5,21;0;360;400;650,33;30;0;59;2;1190;1920x1200;1;25;men;4
468;1;News;5,21;5,21;0;720;400;1077,89;30;0;44;1;1098;1920x1200;1;25;men;5
30;2;News;4,74;4,91;0;240;200;306,67;30;0;38;2;1710;1366 x 768;2;21;men;2
60;2;News;4,74;4,91;0;360;1000;1005,33;30;0;83;3;1497;1366 x 768;2;21;men;3
75;2;News;4,74;4,91;0;1080;1000;3210,78;30;0;44;1;716;1366 x 768;2;21;men;5
89;2;News;4,74;4,91;0;720;1000;2874,67;30;0;44;1;447;1366 x 768;2;21;men;5
91;2;News;4,74;4,91;0;360;400;443,33;30;0;62;2;538;1366 x 768;2;21;men;4
92;2;News;4,74;4,91;0;720;1000;1586;30;0;43;1;602;1366 x 768;2;21;men;4
163;2;News;4,74;4,91;0;240;400;363,44;30;0;38;2;520;1366 x 768;2;21;men;3
216;2;News;4,74;4,91;0;720;400;2719,44;30;0;44;1;433;1366 x 768;2;21;men;5
227;2;News;4,74;4,91;0;144;200;102,33;10;0;22;0;758;1366 x 768;3;25;men;1
260;2;News;4,74;4,91;0;720;400;425,89;29;0;42;1;593;1366 x 768;3;25;men;4
268;2;News;4,74;4,91;0;480;400;645;30;0;59;2;994;1366 x 768;3;25;men;3
313;2;News;4,74;4,91;0;1080;1000;2638,56;30;0;44;1;1286;1366 x 768;3;25;men;5
330;2;News;4,74;4,91;0;360;800;821,56;30;0;52;3;832;1366 x 768;3;25;men;4
336;2;News;4,74;4,91;0;480;400;759,11;31;0;67;2;1392;1366 x 768;3;25;men;3
344;2;News;4,74;4,91;0;1080;2000;418,89;30;0;60;3;720;1366 x 768;3;25;men;4
12;3;News;5,41;5,33;0;480;400;1135,89;30;0;56;3;1082;1366 x 768;4;21;women;4
367;2;News;4,74;4,91;0;1080;2000;1491,78;30;0;43;1;1031;1366 x 768;4;21;women;5
386;2;News;4,74;4,91;0;480;1000;1809,44;30;0;44;1;730;1366 x 768;4;21;women;5
401;2;News;4,74;4,91;0;240;200;349;30;0;38;2;424;1366 x 768;4;21;women;2
420;2;News;4,74;4,91;0;480;400;919,89;30;0;66;2;574;1366 x 768;4;21;women;4
490;2;News;4,74;4,91;0;144;400;84,44;10;0;22;0;793;1366 x 768;4;21;women;1
503;2;News;4,74;4,91;0;360;1000;836,67;30;0;53;2;423;1366 x 768;4;21;women;4
528;2;News;4,74;4,91;0;360;1000;822,33;30;0;52;3;1218;1366 x 768;4;21;women;4
583;2;News;4,74;4,91;0;360;1000;1454,89;31;0;50;3;621;1366 x 768;4;21;women;3
21;3;News;5,41;5,33;0;240;800;364,56;30;0;38;2;1146;1920x1200;5;30;men;2
25;3;News;5,41;5,33;0;240;200;421,22;30;0;38;2;1059;1920x1200;5;30;men;2
39;3;News;5,41;5,33;0;240;200;364,11;30;0;38;2;501;1920x1200;5;30;men;2
47;3;News;5,41;5,33;0;360;400;744,67;30;0;66;2;1102;1920x1200;5;30;men;4
72;3;News;5,41;5,33;0;144;200;90,56;10;1;22;0;541;1920x1200;5;30;men;2
76;3;News;5,41;5,33;0;240;400;304;30;0;38;2;891;1920x1200;5;30;men;3
85;3;News;5,41;5,33;0;144;200;90,89;10;1;22;0;586;1920x1200;6;26;men;1
170;3;News;5,41;5,33;0;720;400;1755,56;30;0;44;1;899;1920x1200;6;26;men;4
196;3;News;5,41;5,33;0;720;400;2487,44;29;0;42;1;1252;1920x1200;6;26;men;4
200;3;News;5,41;5,33;0;144;200;96,11;10;1;22;0;1370;1920x1200;6;26;men;1
222;3;News;5,41;5,33;0;480;400;930,11;30;0;61;3;1662;1920x1200;6;26;men;3
229;3;News;5,41;5,33;0;240;200;334,89;30;0;38;2;645;1920x1200;6;26;men;2
237;3;News;5,41;5,33;0;480;400;2566,89;30;0;44;1;2012;1920x1200;7;21;women;4
239;3;News;5,41;5,33;0;480;400;1020,89;30;0;76;3;1148;1920x1200;7;21;women;3
288;3;News;5,41;5,33;0;1080;1000;3318,78;30;0;44;1;1082;1920x1200;7;21;women;5
293;3;News;5,41;5,33;0;144;100;90,89;1;18;22;0;922;1920x1200;7;21;women;1
307;3;News;5,41;5,33;0;720;400;2899,11;30;0;43;1;1247;1920x1200;7;21;women;4
308;3;News;5,41;5,33;0;720;400;1372,22;30;0;44;1;1236;1920x1200;7;21;women;4
356;3;News;5,41;5,33;0;720;400;1718,67;30;0;44;1;1081;1920x1200;7;21;women;4
389;3;News;5,41;5,33;0;360;200;993,67;30;0;54;3;1266;1920x1200;7;21;women;4
15;4;Sports;17,37;9,02;3;1080;1000;3144,67;30;0;43;2;1899;1920x1200;8;24;men;5
53;4;Sports;17,37;9,02;3;240;200;351,33;30;0;38;2;1540;1920x1200;8;24;men;3
105;4;Sports;17,37;9,02;3;720;400;2552,33;30;0;44;1;1143;1920x1200;8;24;men;4
123;4;Sports;17,37;9,02;3;360;200;1735,67;30;0;44;1;2053;1920x1200;8;24;men;4
410;3;News;5,41;5,33;0;144;200;92,56;10;1;22;0;1339;1920x1200;8;24;men;1
437;3;News;5,41;5,33;0;240;200;344,67;30;0;39;2;1815;1920x1200;8;24;men;1
446;3;News;5,41;5,33;0;240;200;314,22;30;0;38;2;1826;1920x1200;8;24;men;2
472;3;News;5,41;5,33;0;720;400;2916,44;30;0;44;1;1227;1920x1200;8;24;men;4
524;3;News;5,41;5,33;0;1080;1000;1521;30;0;44;1;976;1920x1200;8;24;men;4
541;3;News;5,41;5,33;0;720;400;1822,89;29;0;42;1;1884;1920x1200;8;24;men;4
576;3;News;5,41;5,33;0;144;100;88,67;2;18;22;0;1216;1920x1200;8;24;men;1
140;4;Sports;17,37;9,02;3;144;100;92,89;1;21;22;0;2343;1920x1200;9;25;men;2
154;4;Sports;17,37;9,02;3;720;400;3121,78;30;0;44;2;1653;1920x1200;9;25;men;3
158;4;Sports;17,37;9,02;3;1080;1000;1661,33;30;0;44;1;2855;1920x1200;9;25;men;4
164;4;Sports;17,37;9,02;3;1080;1000;1724,89;30;2;44;5;2993;1920x1200;9;25;men;3
211;4;Sports;17,37;9,02;3;480;400;302,78;31;0;62;3;5491;1920x1200;9;25;men;3
246;4;Sports;17,37;9,02;3;144;100;82,78;1;18;22;0;2172;1920x1200;9;25;men;1
251;4;Sports;17,37;9,02;3;240;200;312,78;30;0;38;2;1658;1920x1200;9;25;men;2
284;4;Sports;17,37;9,02;3;360;200;2701;1;0;2;2;814;1920x1200;9;25;men;1
287;4;Sports;17,37;9,02;3;720;400;2964;29;5;43;12;2480;1920x1200;9;25;men;3
327;4;Sports;17,37;9,02;3;240;200;356,56;30;0;38;2;1638;1920x1200;9;25;men;2
350;4;Sports;17,37;9,02;3;720;400;3244,22;30;3;43;3;2100;1920x1200;10;27;men;2
352;4;Sports;17,37;9,02;3;144;100;89,22;1;21;22;0;3146;1920x1200;10;27;men;1
353;4;Sports;17,37;9,02;3;720;400;1449,67;30;1;44;2;1411;1920x1200;10;27;men;3
371;4;Sports;17,37;9,02;3;360;800;792,67;30;0;52;3;2008;1920x1200;10;27;men;4
414;4;Sports;17,37;9,02;3;240;200;317,33;30;0;38;2;1708;1920x1200;10;27;men;2
522;4;Sports;17,37;9,02;3;1080;1000;2012,56;30;0;43;1;1728;1920x1200;10;27;men;5
525;4;Sports;17,37;9,02;3;144;100;89,11;1;22;22;0;1817;1920x1200;10;27;men;1
549;4;Sports;17,37;9,02;3;240;200;358,89;30;0;38;2;2594;1920x1200;10;27;men;2
4;5;Sports;18,99;9,3;3;720;400;2217,67;26;12;39;12;824;1920x1200;11;26;men;2
7;5;Sports;18,99;9,3;3;720;400;1830,78;30;0;44;1;2045;1920x1200;11;26;men;3
34;5;Sports;18,99;9,3;3;360;800;204;30;0;69;2;2498;1920x1200;11;26;men;3
61;5;Sports;18,99;9,3;3;720;400;1065,22;30;0;44;2;1927;1920x1200;11;26;men;4
552;4;Sports;17,37;9,02;3;1080;1000;2822,44;30;4;43;4;1372;1920x1200;11;26;men;5
572;4;Sports;17,37;9,02;3;1080;1000;2822,44;30;0;44;2;1208;1920x1200;11;26;men;5
67;5;Sports;18,99;9,3;3;1080;1000;1597;30;0;44;1;2369;1920x1200;12;22;men;3
84;5;Sports;18,99;9,3;3;360;200;2458,11;5;0;9;3;2443;1920x1200;12;22;men;1
100;5;Sports;18,99;9,3;3;720;400;1368;9;17;15;11;1306;1920x1200;12;22;men;2
110;5;Sports;18,99;9,3;3;720;400;2479,44;23;1;34;1;718;1920x1200;12;22;men;3
128;5;Sports;18,99;9,3;3;240;200;443,56;30;0;38;2;2332;1920x1200;12;22;men;2
135;5;Sports;18,99;9,3;3;1080;1000;2391,44;27;5;40;7;3487;1920x1200;12;22;men;3
166;5;Sports;18,99;9,3;3;720;400;1242;11;4;18;10;3456;1920x1200;12;22;men;2
185;5;Sports;18,99;9,3;3;720;400;1163,89;9;9;16;11;5412;1920x1200;13;26;men;2
223;5;Sports;18,99;9,3;3;144;100;89,78;1;23;22;0;10764;1920x1200;13;26;men;1
224;5;Sports;18,99;9,3;3;240;200;171,11;29;0;37;2;2036;1920x1200;13;26;men;2
252;5;Sports;18,99;9,3;3;480;400;2498;0;0;0;3;4856;1920x1200;13;26;men;1
274;5;Sports;18,99;9,3;3;480;400;108;0;1;0;2;4897;1920x1200;13;26;men;1
294;5;Sports;18,99;9,3;3;480;400;886,11;30;0;45;3;2663;1920x1200;13;26;men;3
298;5;Sports;18,99;9,3;3;720;400;1830,78;30;0;44;1;1904;1920x1200;13;26;men;4
321;5;Sports;18,99;9,3;3;480;400;1331;0;0;0;3;1095;1920x1200;13;26;men;1
325;5;Sports;18,99;9,3;3;240;200;368,56;30;0;38;2;1600;1920x1200;13;26;men;3
343;5;Sports;18,99;9,3;3;1080;1000;2433,22;30;0;43;2;2629;1920x1200;13;26;men;5
373;5;Sports;18,99;9,3;3;1080;1000;1869,67;30;0;43;1;1677;1920x1200;13;26;men;4
391;5;Sports;18,99;9,3;3;720;400;2566,11;30;0;43;2;2367;1920x1200;13;26;men;4
400;5;Sports;18,99;9,3;3;720;400;1173,33;30;0;43;1;1850;1920x1200;13;26;men;5
412;5;Sports;18,99;9,3;3;1080;1000;1204,89;30;0;44;2;1336;1920x1200;13;26;men;5
37;6;Sports;9,88;7,24;2;1080;1000;2846,89;30;2;44;6;1873;1920x1200;14;24;men;3
471;5;Sports;18,99;9,3;3;480;400;839,11;30;0;64;3;2772;1920x1200;14;24;men;3
484;5;Sports;18,99;9,3;3;144;100;89,89;2;18;22;0;1459;1920x1200;14;24;men;1
493;5;Sports;18,99;9,3;3;1080;1000;2982,11;29;1;42;3;1516;1920x1200;14;24;men;4
515;5;Sports;18,99;9,3;3;144;100;102;1;21;22;0;1280;1920x1200;14;24;men;1
526;5;Sports;18,99;9,3;3;240;200;361;30;0;38;2;2266;1920x1200;14;24;men;2
531;5;Sports;18,99;9,3;3;480;400;892,78;30;0;66;2;2564;1920x1200;14;24;men;4
537;5;Sports;18,99;9,3;3;720;400;3187;30;0;43;2;1870;1920x1200;14;24;men;3
546;5;Sports;18,99;9,3;3;240;200;338,33;30;0;38;2;2229;1920x1200;14;24;men;2
558;5;Sports;18,99;9,3;3;240;200;322,89;29;0;37;2;3705;1920x1200;14;24;men;2
45;6;Sports;9,88;7,24;2;1080;1000;2744,67;30;0;44;2;1874;1920x1200;15;30;women;5
147;6;Sports;9,88;7,24;2;240;200;2797,44;27;6;40;11;2262;1920x1200;15;30;women;1
148;6;Sports;9,88;7,24;2;144;100;88,44;1;21;22;0;1089;1920x1200;15;30;women;1
248;6;Sports;9,88;7,24;2;720;400;3144,56;30;0;43;2;1791;1920x1200;15;30;women;4
292;6;Sports;9,88;7,24;2;480;400;310,11;30;0;62;3;2182;1920x1200;15;30;women;4
300;6;Sports;9,88;7,24;2;144;100;77,22;1;23;22;0;1832;1366 x 768;16;22;men;1
378;6;Sports;9,88;7,24;2;360;200;209,33;30;0;69;2;2007;1366 x 768;16;22;men;2
379;6;Sports;9,88;7,24;2;144;100;80,22;1;23;22;0;1766;1366 x 768;16;22;men;2
382;6;Sports;9,88;7,24;2;240;200;374,78;30;0;39;2;3288;1366 x 768;16;22;men;2
383;6;Sports;9,88;7,24;2;720;400;1172,89;12;15;19;11;1113;1366 x 768;16;22;men;2
423;6;Sports;9,88;7,24;2;720;400;2012,44;30;0;43;1;1333;1366 x 768;16;22;men;5
453;6;Sports;9,88;7,24;2;480;400;2701;0;0;0;3;689;1366 x 768;16;22;men;1
521;6;Sports;9,88;7,24;2;360;200;2764;0;0;0;3;687;1366 x 768;16;22;men;1
535;6;Sports;9,88;7,24;2;144;100;104,33;2;18;22;0;1056;1366 x 768;16;22;men;1
566;6;Sports;9,88;7,24;2;240;200;364,33;30;0;38;2;3618;1366 x 768;16;22;men;1
574;6;Sports;9,88;7,24;2;240;200;366,22;30;0;38;2;2193;1366 x 768;17;26;men;2
585;6;Sports;9,88;7,24;2;480;400;2645;0;0;0;3;742;1366 x 768;17;26;men;1
606;6;Sports;9,88;7,24;2;480;400;803,89;30;0;54;2;2595;1366 x 768;17;26;men;4
612;6;Sports;9,88;7,24;2;1080;1000;2969,56;29;4;43;11;1923;1366 x 768;17;26;men;2
6;7;Documentary;5,4;5,32;0;360;200;766;0;0;0;3;1152;1920x1200;18;25;men;1
26;7;Documentary;5,4;5,32;0;240;200;500,33;30;0;38;2;2360;1920x1200;18;25;men;3
71;7;Documentary;5,4;5,32;0;240;200;345,11;30;0;38;2;1633;1920x1200;18;25;men;2
79;7;Documentary;5,4;5,32;0;720;400;3123,44;30;0;44;1;1640;1920x1200;18;25;men;5
80;7;Documentary;5,4;5,32;0;480;400;538;0;1;0;4;695;1920x1200;18;25;men;1
132;7;Documentary;5,4;5,32;0;720;400;1405,56;11;13;16;7;1291;1920x1200;18;25;men;2
156;7;Documentary;5,4;5,32;0;360;200;2784;0;0;0;3;671;1920x1200;19;27;women;1
192;7;Documentary;5,4;5,32;0;360;200;1409;0;0;0;2;1009;1920x1200;19;27;women;1
225;7;Documentary;5,4;5,32;0;720;400;1264,44;12;6;18;16;1087;1920x1200;19;27;women;2
319;7;Documentary;5,4;5,32;0;360;200;2718;0;0;0;3;711;1920x1200;19;27;women;1
359;7;Documentary;5,4;5,32;0;480;400;303;29;0;56;3;1373;1920x1200;19;27;women;4
360;7;Documentary;5,4;5,32;0;360;200;789,89;30;0;54;2;1742;1920x1200;19;27;women;4
375;7;Documentary;5,4;5,32;0;360;200;841,33;30;0;65;2;2074;1920x1200;19;27;women;4
442;7;Documentary;5,4;5,32;0;480;400;580;0;0;0;2;747;1920x1200;19;27;women;1
448;7;Documentary;5,4;5,32;0;144;100;86,78;1;21;22;0;1002;1920x1200;19;27;women;2
482;7;Documentary;5,4;5,32;0;144;100;76,89;2;18;22;0;1548;1920x1200;19;27;women;1
483;7;Documentary;5,4;5,32;0;1080;1000;3054,44;30;0;42;1;3084;1920x1200;19;27;women;4
530;7;Documentary;5,4;5,32;0;144;200;90,11;10;1;22;0;2069;1920x1200;19;27;women;1
533;7;Documentary;5,4;5,32;0;480;400;2772;0;0;0;3;655;1920x1200;19;27;women;1
545;7;Documentary;5,4;5,32;0;1080;1000;1454,78;30;1;44;2;1756;1920x1200;19;27;women;4
571;7;Documentary;5,4;5,32;0;240;200;303,11;30;0;38;2;1108;1920x1200;19;27;women;2
9;8;Documentary;12,65;8,02;3;480;800;852,44;30;0;52;3;1845;1366 x 768;20;22;men;4
54;8;Documentary;12,65;8,02;3;480;1000;758,89;30;0;66;2;1088;1366 x 768;20;22;men;5
74;8;Documentary;12,65;8,02;3;240;200;409,33;30;0;38;2;1277;1366 x 768;20;22;men;2
107;8;Documentary;12,65;8,02;3;240;200;344;30;0;39;2;1713;1366 x 768;20;22;men;1
112;8;Documentary;12,65;8,02;3;144;100;99,67;1;18;22;0;715;1366 x 768;20;22;men;1
130;8;Documentary;12,65;8,02;3;240;200;383,89;30;0;38;2;1723;1366 x 768;20;22;men;2
141;8;Documentary;12,65;8,02;3;720;400;2994,89;30;0;44;1;1170;1366 x 768;20;22;men;5
215;8;Documentary;12,65;8,02;3;240;200;345,89;30;0;39;2;1201;1366 x 768;20;22;men;2
228;8;Documentary;12,65;8,02;3;360;200;505,44;30;0;62;3;2831;1366 x 768;21;25;men;4
233;8;Documentary;12,65;8,02;3;144;100;79,56;1;20;22;0;1585;1366 x 768;21;25;men;1
238;8;Documentary;12,65;8,02;3;1080;2000;1002,33;30;0;43;1;1805;1366 x 768;21;25;men;5
258;8;Documentary;12,65;8,02;3;360;200;517,89;30;0;62;3;1388;1366 x 768;21;25;men;5
271;8;Documentary;12,65;8,02;3;360;200;448;0;0;0;3;423;1366 x 768;21;25;men;1
282;8;Documentary;12,65;8,02;3;144;100;84,89;1;17;22;0;2423;1920x1200;22;23;men;1
317;8;Documentary;12,65;8,02;3;480;1000;1583;29;0;42;1;1251;1920x1200;22;23;men;5
328;8;Documentary;12,65;8,02;3;360;200;377;0;1;6;5;791;1920x1200;22;23;men;2
342;8;Documentary;12,65;8,02;3;480;400;821,44;29;0;42;3;2741;1920x1200;22;23;men;4
376;8;Documentary;12,65;8,02;3;480;400;618;30;0;58;2;2341;1920x1200;22;23;men;4
387;8;Documentary;12,65;8,02;3;1080;2000;3065,56;30;0;44;1;2444;1920x1200;22;23;men;5
49;9;Documentary;9,54;7,12;2;720;400;3824,67;30;0;44;1;719;1920x1200;23;26;women;5
58;9;Documentary;9,54;7,12;2;1080;1000;1869,56;30;0;44;1;1795;1920x1200;23;26;women;5
78;9;Documentary;9,54;7,12;2;720;400;1766,22;29;0;42;1;546;1920x1200;23;26;women;5
397;8;Documentary;12,65;8,02;3;720;400;1446,11;30;0;43;1;1677;1920x1200;23;26;women;5
419;8;Documentary;12,65;8,02;3;144;100;111,56;1;18;22;0;983;1920x1200;23;26;women;1
451;8;Documentary;12,65;8,02;3;1080;2000;871,67;30;0;44;1;1213;1920x1200;23;26;women;5
454;8;Documentary;12,65;8,02;3;480;400;1116,89;30;0;62;3;1543;1920x1200;23;26;women;4
476;8;Documentary;12,65;8,02;3;360;200;902;0;1;0;3;690;1920x1200;23;26;women;1
588;8;Documentary;12,65;8,02;3;720;400;3534;30;0;44;1;580;1920x1200;23;26;women;5
83;9;Documentary;9,54;7,12;2;720;400;3099;30;0;44;1;1328;1920x1200;24;24;men;4
118;9;Documentary;9,54;7,12;2;720;400;2404,67;30;0;44;1;728;1920x1200;24;24;men;5
199;9;Documentary;9,54;7,12;2;480;800;832,78;30;0;64;3;2874;1920x1200;24;24;men;4
209;9;Documentary;9,54;7,12;2;480;400;1093;0;0;0;3;688;1920x1200;24;24;men;1
221;9;Documentary;9,54;7,12;2;1080;400;1919,22;16;18;24;7;1010;1920x1200;24;24;men;2
240;9;Documentary;9,54;7,12;2;240;1000;358,89;30;0;38;2;576;1920x1200;24;24;men;3
241;9;Documentary;9,54;7,12;2;720;400;1354,22;12;15;18;13;1271;1920x1200;24;24;men;2
320;9;Documentary;9,54;7,12;2;240;200;412,11;30;0;39;2;1196;1920x1200;24;24;men;3
347;9;Documentary;9,54;7,12;2;720;400;2740,67;30;3;44;4;3001;1920x1200;25;26;men;4
390;9;Documentary;9,54;7,12;2;480;400;1978;0;1;0;4;1098;1920x1200;25;26;men;1
403;9;Documentary;9,54;7,12;2;1080;1000;1869,67;30;0;43;1;1407;1920x1200;25;26;men;5
469;9;Documentary;9,54;7,12;2;360;400;632,33;30;0;57;2;2407;1920x1200;25;26;men;4
496;9;Documentary;9,54;7,12;2;1080;1000;3121,67;30;0;44;1;955;1920x1200;25;26;men;5
506;9;Documentary;9,54;7,12;2;240;200;366,89;30;0;38;4;2213;1920x1200;25;26;men;1
62;10;Music;12,18;7,89;2;240;400;318,22;30;0;38;4;1045;1366 x 768;26;36;men;2
117;10;Music;12,18;7,89;2;240;400;411,78;30;0;39;2;1219;1366 x 768;26;36;men;2
119;10;Music;12,18;7,89;2;360;200;895,78;30;0;63;3;779;1366 x 768;26;36;men;4
174;10;Music;12,18;7,89;2;240;400;318,67;30;0;38;2;3066;1366 x 768;26;36;men;3
190;10;Music;12,18;7,89;2;360;400;810;31;0;47;3;1893;1366 x 768;26;36;men;3
198;10;Music;12,18;7,89;2;1080;1000;2899;30;1;44;1;1335;1366 x 768;26;36;men;5
255;10;Music;12,18;7,89;2;480;400;782,22;30;0;54;2;992;1366 x 768;26;36;men;4
301;10;Music;12,18;7,89;2;240;400;303,22;30;0;39;2;1101;1366 x 768;26;36;men;2
314;10;Music;12,18;7,89;2;360;200;635,33;30;0;60;2;851;1366 x 768;26;36;men;3
543;9;Documentary;9,54;7,12;2;240;200;312,78;30;0;38;2;1384;1366 x 768;26;36;men;2
564;9;Documentary;9,54;7,12;2;144;400;91,78;10;0;22;0;1985;1366 x 768;26;36;men;1
577;9;Documentary;9,54;7,12;2;720;400;1712,44;30;0;44;1;1320;1366 x 768;26;36;men;4
592;9;Documentary;9,54;7,12;2;1080;400;1861,67;16;26;24;11;1180;1366 x 768;26;36;men;1
355;10;Music;12,18;7,89;2;720;400;3318,78;30;0;44;1;918;1366 x 768;27;28;women;4
396;10;Music;12,18;7,89;2;720;1000;1809,22;30;0;44;1;1263;1366 x 768;27;28;women;4
405;10;Music;12,18;7,89;2;360;200;287;0;0;0;3;1197;1366 x 768;27;28;women;1
439;10;Music;12,18;7,89;2;240;400;339,67;30;0;38;2;2890;1366 x 768;27;28;women;2
445;10;Music;12,18;7,89;2;144;100;103,67;1;21;22;0;1326;1366 x 768;27;28;women;1
470;10;Music;12,18;7,89;2;480;400;1861;0;0;0;3;1062;1366 x 768;27;28;women;1
505;10;Music;12,18;7,89;2;240;400;2375;29;0;43;7;2037;1366 x 768;27;28;women;3
551;10;Music;12,18;7,89;2;720;400;2843;30;0;44;1;1112;1366 x 768;27;28;women;4
559;10;Music;12,18;7,89;2;240;1000;388,67;30;0;39;2;1476;1366 x 768;27;28;women;3
579;10;Music;12,18;7,89;2;240;1000;350,44;30;0;38;2;1827;1366 x 768;27;28;women;3
587;10;Music;12,18;7,89;2;144;400;75,89;10;0;22;0;1725;1366 x 768;27;28;women;2
13;11;Music;0,85;-0,5;0;720;1000;3350,22;30;0;44;1;1501;1920x1200;28;21;men;5
29;11;Music;0,85;-0,5;0;1080;1000;1841,78;30;1;44;1;637;1920x1200;28;21;men;5
69;11;Music;0,85;-0,5;0;720;400;3283,22;30;0;44;1;1468;1920x1200;28;21;men;4
77;11;Music;0,85;-0,5;0;360;200;2184;0;0;0;3;989;1920x1200;28;21;men;1
136;11;Music;0,85;-0,5;0;144;200;95,56;10;1;22;0;1833;1920x1200;28;21;men;2
139;11;Music;0,85;-0,5;0;240;200;299,78;30;0;38;2;2412;1920x1200;28;21;men;2
167;11;Music;0,85;-0,5;0;720;400;2347,44;27;15;41;2;2064;1920x1200;28;21;men;3
193;11;Music;0,85;-0,5;0;360;200;2535,33;27;4;41;10;3136;1920x1200;28;21;men;2
14;12;Music;8,64;6,81;1;360;200;700,89;30;0;53;2;1649;1920x1200;29;29;men;5
48;12;Music;8,64;6,81;1;1080;2000;1590,67;30;0;44;1;1366;1920x1200;29;29;men;5
52;12;Music;8,64;6,81;1;480;400;770,33;30;0;58;2;2710;1920x1200;29;29;men;4
95;12;Music;8,64;6,81;1;720;400;2424,89;30;2;44;3;1026;1920x1200;29;29;men;5
133;12;Music;8,64;6,81;1;480;400;889,22;30;0;45;3;789;1920x1200;29;29;men;3
149;12;Music;8,64;6,81;1;720;400;3161,33;29;1;42;3;1078;1920x1200;29;29;men;5
204;11;Music;0,85;-0,5;0;1080;400;1754,89;16;16;24;9;1106;1920x1200;29;29;men;1
244;12;Music;8,64;6,81;1;1080;400;3350,11;30;0;44;1;1567;1920x1200;29;29;men;3
245;12;Music;8,64;6,81;1;1080;1000;2203,22;14;18;20;8;1116;1920x1200;29;29;men;2
266;12;Music;8,64;6,81;1;240;200;310,78;30;0;38;4;816;1920x1200;29;29;men;2
354;11;Music;0,85;-0,5;0;360;200;968,11;30;0;80;3;1673;1920x1200;29;29;men;3
366;11;Music;0,85;-0,5;0;144;400;95;10;0;22;0;699;1920x1200;29;29;men;2
369;11;Music;0,85;-0,5;0;1080;400;3193,78;29;4;42;12;1222;1920x1200;29;29;men;2
491;11;Music;0,85;-0,5;0;1080;1000;1938,22;30;1;44;1;1445;1920x1200;29;29;men;3
501;11;Music;0,85;-0,5;0;144;100;103,89;1;21;21;0;1051;1920x1200;29;29;men;1
550;11;Music;0,85;-0,5;0;144;400;82,78;10;0;22;0;1824;1920x1200;29;29;men;2
567;11;Music;0,85;-0,5;0;240;400;313;30;0;38;2;768;1920x1200;29;29;men;2
569;11;Music;0,85;-0,5;0;1080;1000;2084,89;26;7;37;9;3664;1920x1200;29;29;men;2
302;12;Music;8,64;6,81;1;360;200;1064,67;26;0;53;3;1478;1366 x 768;30;21;men;3
305;12;Music;8,64;6,81;1;480;400;886,78;30;0;67;3;1525;1366 x 768;30;21;men;4
306;12;Music;8,64;6,81;1;1080;1000;3210,78;30;0;44;1;1301;1366 x 768;30;21;men;4
339;12;Music;8,64;6,81;1;720;400;3209,67;29;1;42;3;1106;1366 x 768;30;21;men;4
362;12;Music;8,64;6,81;1;480;400;703,89;30;0;54;2;2881;1366 x 768;30;21;men;3
364;12;Music;8,64;6,81;1;720;400;3318,78;30;0;44;1;874;1366 x 768;30;21;men;4
370;12;Music;8,64;6,81;1;240;200;171,11;30;0;38;4;1263;1366 x 768;30;21;men;1
374;12;Music;8,64;6,81;1;360;200;1017,44;30;0;76;3;1001;1366 x 768;30;21;men;4
418;12;Music;8,64;6,81;1;720;400;2687,56;30;0;44;1;658;1366 x 768;30;21;men;4
27;13;Cartoons;5,23;5,22;0;1080;1000;2932,67;30;0;44;1;1489;1366 x 768;31;25;men;5
36;13;Cartoons;5,23;5,22;0;240;200;186,33;30;0;38;4;1069;1366 x 768;31;25;men;2
88;13;Cartoons;5,23;5,22;0;480;400;2329;0;0;0;3;1246;1366 x 768;31;25;men;1
108;13;Cartoons;5,23;5,22;0;480;400;619;30;0;58;2;2405;1366 x 768;31;25;men;3
125;13;Cartoons;5,23;5,22;0;720;400;3217,22;30;0;44;1;1566;1366 x 768;31;25;men;4
155;13;Cartoons;5,23;5,22;0;720;400;2250,78;30;0;44;3;1100;1366 x 768;31;25;men;5
173;13;Cartoons;5,23;5,22;0;144;200;88,78;10;1;21;0;1320;1366 x 768;31;25;men;2
181;13;Cartoons;5,23;5,22;0;480;400;1001,67;30;0;54;3;6114;1366 x 768;31;25;men;2
219;13;Cartoons;5,23;5,22;0;144;100;73,67;1;19;21;0;2177;1366 x 768;31;25;men;1
440;12;Music;8,64;6,81;1;720;400;3146,22;30;2;44;1;1485;1366 x 768;31;25;men;4
578;12;Music;8,64;6,81;1;480;400;886,11;30;0;75;3;2184;1366 x 768;31;25;men;3
597;12;Music;8,64;6,81;1;240;200;341,22;30;0;38;2;1435;1366 x 768;31;25;men;2
286;13;Cartoons;5,23;5,22;0;480;400;1193,11;30;0;60;3;1209;1366 x 768;32;23;men;4
331;13;Cartoons;5,23;5,22;0;240;200;298,22;30;0;38;2;767;1366 x 768;32;23;men;3
345;13;Cartoons;5,23;5,22;0;720;400;2484,44;29;1;42;2;2140;1366 x 768;32;23;men;5
348;13;Cartoons;5,23;5,22;0;144;100;93,44;1;21;22;0;2998;1366 x 768;32;23;men;1
361;13;Cartoons;5,23;5,22;0;240;200;186,33;30;0;38;2;1001;1366 x 768;32;23;men;3
422;13;Cartoons;5,23;5,22;0;720;400;1751,22;30;2;44;4;2920;1366 x 768;32;23;men;5
465;13;Cartoons;5,23;5,22;0;480;400;580;0;0;0;3;975;1366 x 768;32;23;men;1
466;13;Cartoons;5,23;5,22;0;360;200;2362;0;0;0;3;1279;1366 x 768;32;23;men;1
474;13;Cartoons;5,23;5,22;0;360;200;459;0;0;0;2;1235;1366 x 768;32;23;men;1
487;13;Cartoons;5,23;5,22;0;360;200;471;0;0;0;2;1270;1366 x 768;32;23;men;1
5;14;Cartoons;7,8;6,49;1;720;400;3108,33;30;0;44;1;1677;1920x1200;33;26;women;5
17;14;Cartoons;7,8;6,49;1;720;1000;1353,78;30;0;44;1;1360;1920x1200;33;26;women;4
22;14;Cartoons;7,8;6,49;1;1080;400;2820,78;30;0;44;1;720;1920x1200;33;26;women;3
93;14;Cartoons;7,8;6,49;1;1080;400;2028,89;30;0;44;1;2327;1920x1200;33;26;women;4
94;14;Cartoons;7,8;6,49;1;144;400;76,44;10;0;21;0;2088;1920x1200;33;26;women;2
111;14;Cartoons;7,8;6,49;1;144;200;73,78;10;1;21;0;1454;1920x1200;33;26;women;2
212;14;Cartoons;7,8;6,49;1;720;400;1889,56;13;21;20;10;948;1920x1200;33;26;women;2
269;14;Cartoons;7,8;6,49;1;360;200;768,78;30;0;54;2;2754;1920x1200;33;26;women;4
270;14;Cartoons;7,8;6,49;1;360;200;917,11;30;0;52;3;1077;1920x1200;33;26;women;3
508;13;Cartoons;5,23;5,22;0;480;400;605,89;30;0;70;2;2729;1920x1200;33;26;women;4
523;13;Cartoons;5,23;5,22;0;1080;1000;980,33;9;3;14;5;1035;1920x1200;33;26;women;3
601;13;Cartoons;5,23;5,22;0;720;400;1579,11;30;0;44;1;641;1920x1200;33;26;women;4
614;13;Cartoons;5,23;5,22;0;144;100;82,44;1;22;22;0;3041;1920x1200;33;26;women;2
272;14;Cartoons;7,8;6,49;1;240;200;317,56;30;0;38;2;1038;1920x1200;34;20;men;3
280;14;Cartoons;7,8;6,49;1;1080;2000;2978,22;30;1;44;1;1450;1920x1200;34;20;men;5
295;14;Cartoons;7,8;6,49;1;720;400;1894,56;15;34;23;11;1209;1920x1200;34;20;men;1
329;14;Cartoons;7,8;6,49;1;720;400;2940,11;28;1;42;3;1053;1920x1200;34;20;men;5
338;14;Cartoons;7,8;6,49;1;480;400;616,44;30;1;68;2;5469;1920x1200;34;20;men;2
23;15;Cartoons;9,2;7,01;2;720;400;2687,89;30;0;44;1;775;1920x1200;35;22;men;4
32;15;Cartoons;9,2;7,01;2;1080;1000;1905,44;30;1;44;7;2783;1920x1200;35;22;men;3
44;15;Cartoons;9,2;7,01;2;1080;1000;3108,33;30;0;44;1;1615;1920x1200;35;22;men;5
55;15;Cartoons;9,2;7,01;2;1080;1000;3093;30;2;43;2;1736;1920x1200;35;22;men;2
59;15;Cartoons;9,2;7,01;2;480;400;616,44;30;0;70;2;1543;1920x1200;35;22;men;3
99;15;Cartoons;9,2;7,01;2;144;200;92,78;10;1;22;0;729;1920x1200;35;22;men;2
116;15;Cartoons;9,2;7,01;2;480;400;809,67;30;0;66;2;2845;1920x1200;35;22;men;3
146;15;Cartoons;9,2;7,01;2;720;400;1783,67;30;0;44;1;1110;1920x1200;35;22;men;5
395;14;Cartoons;7,8;6,49;1;144;100;89,56;1;22;22;0;1946;1920x1200;35;22;men;1
426;14;Cartoons;7,8;6,49;1;1080;1000;734,11;30;0;56;2;1861;1920x1200;35;22;men;4
461;14;Cartoons;7,8;6,49;1;360;200;947,78;30;0;66;2;1979;1920x1200;35;22;men;3
485;14;Cartoons;7,8;6,49;1;360;200;1451;0;0;0;3;1236;1920x1200;35;22;men;2
492;14;Cartoons;7,8;6,49;1;720;400;2081,44;30;0;44;1;1299;1920x1200;35;22;men;5
517;14;Cartoons;7,8;6,49;1;1080;400;1762,22;30;0;44;1;1110;1920x1200;35;22;men;3
590;14;Cartoons;7,8;6,49;1;144;100;87,67;1;22;22;0;1727;1920x1200;35;22;men;2
600;14;Cartoons;7,8;6,49;1;1080;1000;1797,67;17;9;26;7;1107;1920x1200;35;22;men;2
613;14;Cartoons;7,8;6,49;1;240;200;318,44;30;0;38;4;871;1920x1200;35;22;men;2
159;15;Cartoons;9,2;7,01;2;240;200;456,33;30;0;38;2;1033;1920x1200;36;24;women;2
202;15;Cartoons;9,2;7,01;2;1080;2000;1579,11;30;0;44;1;632;1920x1200;36;24;women;5
206;15;Cartoons;9,2;7,01;2;1080;1000;2920;30;0;44;1;589;1920x1200;36;24;women;5
218;15;Cartoons;9,2;7,01;2;144;100;101,11;2;18;22;0;1111;1920x1200;36;24;women;1
220;15;Cartoons;9,2;7,01;2;720;400;2920;30;1;44;1;604;1920x1200;36;24;women;5
230;15;Cartoons;9,2;7,01;2;360;200;1019;30;0;76;3;955;1920x1200;36;24;women;4
242;15;Cartoons;9,2;7,01;2;240;200;450,78;30;0;38;2;1189;1920x1200;36;24;women;3
263;15;Cartoons;9,2;7,01;2;480;400;647,56;0;1;51;13;1257;1920x1200;36;24;women;2
297;15;Cartoons;9,2;7,01;2;720;1000;1789,56;30;0;44;1;1445;1920x1200;36;24;women;5
304;15;Cartoons;9,2;7,01;2;720;400;1692,67;14;27;21;14;1132;1920x1200;36;24;women;1
404;15;Cartoons;9,2;7,01;2;144;100;84,78;1;21;22;0;2544;1920x1200;36;24;women;2
452;15;Cartoons;9,2;7,01;2;144;100;94,89;1;21;22;0;1038;1920x1200;36;24;women;2
19;16;Lessons;0,55;-1,86;0;720;1000;1762,22;30;0;43;1;1509;1920x1200;37;31;women;5
51;16;Lessons;0,55;-1,86;0;720;400;424,33;29;0;42;1;2321;1920x1200;37;31;women;3
457;15;Cartoons;9,2;7,01;2;720;400;2761,11;30;0;44;1;1924;1920x1200;37;31;women;3
477;16;Lessons;0,55;-1,86;0;240;200;442,22;30;0;38;2;725;1920x1200;37;31;women;3
495;15;Cartoons;9,2;7,01;2;480;400;3283;30;0;44;1;1547;1920x1200;37;31;women;5
497;16;Lessons;0,55;-1,86;0;240;200;323,78;30;0;38;2;2038;1920x1200;37;31;women;3
516;15;Cartoons;9,2;7,01;2;1080;2000;2843;30;1;44;1;1094;1920x1200;37;31;women;5
518;15;Cartoons;9,2;7,01;2;360;200;727,33;30;0;54;2;1013;1920x1200;37;31;women;4
555;15;Cartoons;9,2;7,01;2;240;200;306,89;30;0;38;2;1578;1920x1200;37;31;women;3
575;15;Cartoons;9,2;7,01;2;1080;2000;884,22;30;0;43;1;1704;1920x1200;37;31;women;5
57;17;Lessons;1,94;2,1;0;720;400;2086,89;12;18;24;13;1121;1920x1200;38;38;men;2
98;17;Lessons;1,94;2,1;0;1080;2000;3092,89;30;1;44;1;1694;1920x1200;38;38;men;5
120;17;Lessons;1,94;2,1;0;360;200;700,89;30;0;56;2;1592;1920x1200;38;38;men;5
560;16;Lessons;0,55;-1,86;0;1080;1000;1908,22;12;3;19;14;1524;1920x1200;38;38;men;1
582;16;Lessons;0,55;-1,86;0;480;400;452;0;0;0;3;707;1920x1200;38;38;men;1
598;16;Lessons;0,55;-1,86;0;240;200;313,11;30;0;38;2;1466;1920x1200;38;38;men;2
602;16;Lessons;0,55;-1,86;0;240;200;345,11;30;0;38;2;1285;1920x1200;38;38;men;1
609;16;Lessons;0,55;-1,86;0;480;400;785,44;30;0;48;3;1933;1920x1200;38;38;men;5
610;16;Lessons;0,55;-1,86;0;480;400;202,67;30;0;69;2;751;1920x1200;38;38;men;1
121;17;Lessons;1,94;2,1;0;720;400;3021,67;30;0;44;1;661;1920x1200;39;20;men;4
137;17;Lessons;1,94;2,1;0;1080;400;3043,22;30;0;44;1;653;1920x1200;39;20;men;3
171;17;Lessons;1,94;2,1;0;360;200;782,22;30;0;54;2;1042;1920x1200;39;20;men;4
191;17;Lessons;1,94;2,1;0;240;200;365,56;30;0;38;2;1302;1920x1200;39;20;men;3
194;17;Lessons;1,94;2,1;0;720;400;1712,11;30;0;44;1;2689;1920x1200;39;20;men;3
264;17;Lessons;1,94;2,1;0;360;200;938,56;30;0;45;3;3283;1920x1200;39;20;men;4
316;17;Lessons;1,94;2,1;0;720;400;1402;30;0;44;1;792;1920x1200;39;20;men;4
318;17;Lessons;1,94;2,1;0;720;400;1707,33;30;0;44;1;1355;1920x1200;39;20;men;4
358;17;Lessons;1,94;2,1;0;240;800;356,56;30;0;38;2;1469;1920x1200;39;20;men;3
388;17;Lessons;1,94;2,1;0;480;400;464;0;0;0;3;969;1920x1200;39;20;men;1
392;17;Lessons;1,94;2,1;0;144;400;95,44;10;0;22;0;1004;1920x1200;39;20;men;1
429;17;Lessons;1,94;2,1;0;480;800;904,44;30;1;63;3;2862;1920x1200;39;20;men;4
438;17;Lessons;1,94;2,1;0;1080;400;863,78;30;0;69;3;1451;1366 x 768;40;26;men;2
458;17;Lessons;1,94;2,1;0;1080;400;737;30;0;58;2;2780;1366 x 768;40;26;men;3
532;17;Lessons;1,94;2,1;0;144;200;95,78;10;1;22;0;952;1366 x 768;40;26;men;1
536;17;Lessons;1,94;2,1;0;720;400;3318,78;29;1;42;1;563;1366 x 768;41;25;men;3
548;17;Lessons;1,94;2,1;0;240;800;156,33;30;0;38;2;1877;1366 x 768;41;23;women;3
553;17;Lessons;1,94;2,1;0;1080;1000;394,44;30;0;44;1;1855;1366 x 768;41;23;women;4
556;17;Lessons;1,94;2,1;0;1080;1000;3186,89;30;2;43;3;1633;1366 x 768;41;23;women;3
561;17;Lessons;1,94;2,1;0;720;400;1602,67;30;0;44;1;626;1366 x 768;41;23;women;3
584;17;Lessons;1,94;2,1;0;360;200;841,78;30;0;64;3;1827;1366 x 768;41;23;women;4
589;17;Lessons;1,94;2,1;0;720;400;1718,67;30;0;44;1;870;1366 x 768;41;23;women;4
596;17;Lessons;1,94;2,1;0;240;800;369,89;30;0;39;2;1206;1366 x 768;41;23;women;3
603;17;Lessons;1,94;2,1;0;480;400;544,89;0;1;40;6;774;1366 x 768;41;23;women;3
10;18;Lessons;2,18;2,47;0;480;400;1545;0;0;0;3;759;1366 x 768;42;28;men;1
24;18;Lessons;2,18;2,47;0;144;400;75;10;0;22;0;1049;1366 x 768;42;28;men;2
97;18;Lessons;2,18;2,47;0;240;1000;303,11;30;0;38;2;564;1366 x 768;42;28;men;2
109;18;Lessons;2,18;2,47;0;480;400;450;0;0;0;2;1158;1366 x 768;42;28;men;1
138;18;Lessons;2,18;2,47;0;1080;1000;1938,44;30;0;44;1;1545;1366 x 768;42;28;men;4
283;18;Lessons;2,18;2,47;0;480;400;461;0;0;0;3;452;1366 x 768;42;28;men;1
291;18;Lessons;2,18;2,47;0;240;1000;377,44;30;0;38;2;1233;1366 x 768;42;28;men;3
303;18;Lessons;2,18;2,47;0;144;100;102,78;1;21;22;0;1524;1366 x 768;42;28;men;1
368;18;Lessons;2,18;2,47;0;1080;1000;3355;30;0;44;1;633;1366 x 768;42;28;men;5
604;17;Lessons;1,94;2,1;0;240;200;310,44;30;0;38;2;977;1366 x 768;42;28;men;2
65;19;Movies;5,41;5,33;0;144;200;78,78;10;1;22;0;1907;1366 x 768;43;26;men;3
90;19;Movies;5,41;5,33;0;360;200;813,56;30;0;63;3;2953;1366 x 768;43;26;men;5
122;19;Movies;5,41;5,33;0;480;400;751;30;0;58;2;652;1366 x 768;43;26;men;4
142;19;Movies;5,41;5,33;0;480;800;876,44;30;0;53;2;2007;1366 x 768;43;26;men;5
213;19;Movies;5,41;5,33;0;240;1000;362,11;30;3;38;2;2199;1366 x 768;43;26;men;3
231;19;Movies;5,41;5,33;0;240;1000;398,33;30;0;38;2;1633;1366 x 768;43;26;men;3
232;19;Movies;5,41;5,33;0;360;200;1111,67;30;0;62;3;1506;1366 x 768;43;26;men;5
377;18;Lessons;2,18;2,47;0;1080;1000;1555,89;25;13;37;11;3801;1366 x 768;43;26;men;2
398;18;Lessons;2,18;2,47;0;720;400;1920,11;15;20;24;15;1094;1366 x 768;43;26;men;2
399;18;Lessons;2,18;2,47;0;720;400;2161,44;27;6;40;13;1994;1366 x 768;43;26;men;4
435;18;Lessons;2,18;2,47;0;720;400;3318,67;30;0;44;1;876;1366 x 768;43;26;men;5
473;18;Lessons;2,18;2,47;0;144;400;95,33;10;0;22;0;512;1366 x 768;43;26;men;3
486;18;Lessons;2,18;2,47;0;144;100;98,89;1;22;22;0;610;1366 x 768;43;26;men;2
488;18;Lessons;2,18;2,47;0;360;200;893,56;30;0;53;3;1660;1366 x 768;43;26;men;5
570;18;Lessons;2,18;2,47;0;1080;1000;3106,78;30;0;43;1;1761;1366 x 768;43;26;men;4
250;19;Movies;5,41;5,33;0;360;200;783;30;0;66;2;727;1366 x 768;44;23;men;3
277;19;Movies;5,41;5,33;0;240;200;186,33;30;0;38;2;953;1366 x 768;44;23;men;1
296;19;Movies;5,41;5,33;0;720;400;1583;30;0;44;1;1310;1366 x 768;44;23;men;4
326;19;Movies;5,41;5,33;0;720;400;1724,89;30;2;44;5;2227;1366 x 768;44;23;men;2
335;19;Movies;5,41;5,33;0;144;100;86,33;1;21;22;0;949;1366 x 768;44;23;men;1
393;19;Movies;5,41;5,33;0;240;200;314,22;30;0;38;2;1688;1366 x 768;44;23;men;1
402;19;Movies;5,41;5,33;0;480;400;2252;0;0;0;3;1045;1366 x 768;44;23;men;3
413;19;Movies;5,41;5,33;0;480;800;806,56;30;0;54;2;672;1366 x 768;44;23;men;4
425;19;Movies;5,41;5,33;0;144;100;79,56;1;22;22;0;1817;1366 x 768;44;23;men;1
443;19;Movies;5,41;5,33;0;720;400;2146,33;30;0;44;1;1170;1366 x 768;44;23;men;5
11;20;Movies;8,76;6,86;1;360;200;476;0;0;0;3;666;1366 x 768;45;26;women;1
42;20;Movies;8,76;6,86;1;144;100;87,11;1;22;22;0;2710;1366 x 768;45;26;women;1
50;20;Movies;8,76;6,86;1;1080;1000;1888,89;21;4;30;7;963;1366 x 768;45;26;women;2
444;19;Movies;5,41;5,33;0;360;200;895,89;30;1;63;3;2821;1366 x 768;45;26;women;4
456;19;Movies;5,41;5,33;0;720;400;2482;30;2;44;2;1858;1366 x 768;45;26;women;4
459;19;Movies;5,41;5,33;0;144;100;91,56;1;21;22;0;718;1366 x 768;45;26;women;1
499;19;Movies;5,41;5,33;0;1080;400;2846,56;30;1;43;6;1647;1366 x 768;45;26;women;2
502;19;Movies;5,41;5,33;0;1080;1000;2552,44;30;0;44;1;979;1366 x 768;45;26;women;5
513;19;Movies;5,41;5,33;0;1080;1000;2467,67;22;24;33;9;2737;1366 x 768;45;26;women;2
529;19;Movies;5,41;5,33;0;144;100;90,56;1;21;22;0;729;1366 x 768;45;26;women;1
81;20;Movies;8,76;6,86;1;1080;1000;1822,89;30;0;44;1;2022;1366 x 768;46;25;men;4
104;20;Movies;8,76;6,86;1;480;400;1000,89;30;0;56;3;1547;1366 x 768;46;25;men;4
115;20;Movies;8,76;6,86;1;144;100;86,78;1;21;22;0;665;1366 x 768;46;25;men;2
126;20;Movies;8,76;6,86;1;480;400;896,33;30;0;63;3;738;1366 x 768;46;25;men;5
131;20;Movies;8,76;6,86;1;144;100;108,44;2;19;22;0;1305;1366 x 768;46;25;men;1
153;20;Movies;8,76;6,86;1;720;400;1924,22;26;5;38;9;1794;1366 x 768;46;25;men;1
187;20;Movies;8,76;6,86;1;720;400;3654,67;30;0;44;1;2226;1920x1200;47;22;women;4
205;20;Movies;8,76;6,86;1;144;100;89,67;1;22;22;0;1984;1920x1200;47;22;women;1
214;20;Movies;8,76;6,86;1;240;1000;732,22;30;0;44;1;1284;1920x1200;47;22;women;4
243;20;Movies;8,76;6,86;1;240;200;299,78;30;0;38;4;2482;1920x1200;47;22;women;3
256;20;Movies;8,76;6,86;1;144;100;95,44;1;18;22;0;900;1920x1200;47;22;women;1
276;20;Movies;8,76;6,86;1;1080;1000;2800,11;30;0;44;1;1195;1920x1200;47;22;women;4
285;20;Movies;8,76;6,86;1;360;200;567;0;0;0;3;659;1920x1200;47;22;women;1
299;20;Movies;8,76;6,86;1;720;400;1724,89;30;1;44;5;2403;1920x1200;47;22;women;4
334;20;Movies;8,76;6,86;1;1080;1000;384;30;0;43;1;1207;1920x1200;48;25;men;5
340;20;Movies;8,76;6,86;1;1080;1000;3299,33;30;0;44;1;1516;1920x1200;48;25;men;5
351;20;Movies;8,76;6,86;1;720;400;1846;16;23;23;9;4235;1920x1200;48;25;men;2
408;20;Movies;8,76;6,86;1;480;400;941;30;0;45;3;3056;1920x1200;48;25;men;3
421;20;Movies;8,76;6,86;1;1080;1000;1414,56;30;0;44;1;2029;1920x1200;48;25;men;5
430;20;Movies;8,76;6,86;1;360;200;767;0;0;0;2;534;1920x1200;49;24;men;1
447;20;Movies;8,76;6,86;1;480;800;1029,33;30;0;43;2;1204;1920x1200;49;24;men;3
455;20;Movies;8,76;6,86;1;720;400;1392,44;11;7;16;7;1058;1920x1200;49;24;men;1
534;20;Movies;8,76;6,86;1;360;200;928,67;30;0;60;2;1913;1920x1200;49;24;men;4
544;20;Movies;8,76;6,86;1;240;200;185,22;30;0;38;2;1297;1920x1200;49;24;men;1
554;20;Movies;8,76;6,86;1;480;400;797;30;0;52;3;3351;1920x1200;49;24;men;4
557;20;Movies;8,76;6,86;1;480;400;197,22;31;0;71;2;3855;1920x1200;49;24;men;2
563;20;Movies;8,76;6,86;1;720;400;961,22;6;9;10;7;1006;1920x1200;49;24;men;2
573;20;Movies;8,76;6,86;1;144;400;74,22;10;0;21;0;1585;1920x1200;49;24;men;2
591;20;Movies;8,76;6,86;1;720;400;1012,33;30;0;44;1;3160;1920x1200;49;24;men;5
3;21;Movies;6,42;5,87;0;360;200;1412;0;1;0;4;1197;1920x1200;50;26;women;1
20;21;Movies;6,42;5,87;0;360;200;1381;0;0;0;10;1075;1920x1200;50;26;women;1
31;21;Movies;6,42;5,87;0;360;200;444,78;30;0;63;2;1649;1920x1200;50;26;women;4
593;20;Movies;8,76;6,86;1;720;400;2394,67;30;2;43;7;2665;1920x1200;50;26;women;3
599;20;Movies;8,76;6,86;1;240;200;363,44;30;0;38;2;2841;1920x1200;50;26;women;2
605;20;Movies;8,76;6,86;1;480;400;1014;0;0;0;3;497;1920x1200;50;26;women;1
35;21;Movies;6,42;5,87;0;360;200;851;30;0;65;3;3559;1920x1200;51;25;men;3
64;21;Movies;6,42;5,87;0;360;200;803,11;30;0;54;2;2588;1920x1200;51;25;men;4
87;21;Movies;6,42;5,87;0;360;200;318,11;30;0;59;3;2558;1920x1200;51;25;men;3
151;21;Movies;6,42;5,87;0;360;200;895,78;30;0;63;3;711;1920x1200;51;25;men;4
168;21;Movies;6,42;5,87;0;360;200;273;0;0;0;2;606;1920x1200;51;25;men;1
178;21;Movies;6,42;5,87;0;360;200;1416;0;0;0;3;968;1920x1200;51;25;men;1
197;21;Movies;6,42;5,87;0;360;400;1276;0;0;0;3;1122;1920x1200;51;25;men;1
210;21;Movies;6,42;5,87;0;360;200;778,89;29;0;42;3;1141;1920x1200;51;25;men;4
235;21;Movies;6,42;5,87;0;360;200;1325;0;0;0;3;835;1920x1200;51;25;men;1
253;21;Movies;6,42;5,87;0;360;200;880,44;30;0;52;3;784;1920x1200;51;25;men;4
267;21;Movies;6,42;5,87;0;360;400;2762;0;0;0;3;630;1920x1200;51;25;men;1
281;21;Movies;6,42;5,87;0;360;200;3410;0;0;0;3;519;1920x1200;51;25;men;1
315;21;Movies;6,42;5,87;0;360;200;869,11;31;0;67;3;1844;1920x1200;51;25;men;5
324;21;Movies;6,42;5,87;0;360;200;1204;0;0;0;3;1014;1920x1200;51;25;men;1
332;21;Movies;6,42;5,87;0;360;400;1003;0;1;0;3;653;1920x1200;52;29;men;1
349;21;Movies;6,42;5,87;0;360;200;866,33;30;0;59;2;1710;1920x1200;52;29;men;4
363;21;Movies;6,42;5,87;0;360;200;921;0;1;0;4;585;1366 x 768;52;29;men;1
380;21;Movies;6,42;5,87;0;360;200;1004;0;0;0;3;645;1366 x 768;52;29;men;1
384;21;Movies;6,42;5,87;0;360;400;592,78;31;0;54;2;3079;1366 x 768;52;29;men;3
406;21;Movies;6,42;5,87;0;360;200;2300;0;0;0;3;836;1366 x 768;52;29;men;1
8;22;Games;12,24;7,91;2;360;200;926,67;30;1;64;3;1968;1366 x 768;53;26;women;3
38;22;Games;12,24;7,91;2;360;200;1105,33;30;0;49;3;1944;1366 x 768;53;26;women;2
41;22;Games;12,24;7,91;2;360;200;450;30;0;62;3;2196;1366 x 768;53;26;women;4
56;22;Games;12,24;7,91;2;360;200;2730;0;0;0;3;660;1366 x 768;53;26;women;1
124;22;Games;12,24;7,91;2;360;200;453;0;0;0;3;822;1366 x 768;53;26;women;1
160;22;Games;12,24;7,91;2;360;200;555;0;0;0;2;654;1366 x 768;53;26;women;1
188;22;Games;12,24;7,91;2;360;400;783,33;29;0;42;3;1041;1366 x 768;53;26;women;3
207;22;Games;12,24;7,91;2;360;200;1207;0;0;0;3;659;1366 x 768;53;26;women;1
208;22;Games;12,24;7,91;2;360;200;1031,56;29;0;42;2;1167;1366 x 768;53;26;women;4
234;22;Games;12,24;7,91;2;360;400;948,78;29;0;52;3;1212;1366 x 768;53;26;women;3
424;21;Movies;6,42;5,87;0;360;800;985,22;30;0;76;3;1778;1366 x 768;53;26;women;3
427;21;Movies;6,42;5,87;0;360;200;810,56;30;0;52;3;775;1366 x 768;53;26;women;4
428;21;Movies;6,42;5,87;0;360;200;1399;0;0;0;2;1041;1366 x 768;53;26;women;1
436;21;Movies;6,42;5,87;0;360;400;1017,89;30;0;76;3;1596;1366 x 768;53;26;women;4
441;21;Movies;6,42;5,87;0;360;200;984,89;30;0;52;3;1261;1366 x 768;53;26;women;2
500;21;Movies;6,42;5,87;0;360;800;863,11;30;0;65;2;2161;1366 x 768;53;26;women;5
520;21;Movies;6,42;5,87;0;360;200;618,44;29;0;65;2;1214;1366 x 768;53;26;women;5
547;21;Movies;6,42;5,87;0;360;200;896,33;30;0;63;3;790;1366 x 768;53;26;women;4
565;21;Movies;6,42;5,87;0;360;400;2636;0;0;0;2;647;1366 x 768;53;26;women;1
595;21;Movies;6,42;5,87;0;360;200;2738;0;0;0;3;619;1366 x 768;53;26;women;1
608;21;Movies;6,42;5,87;0;360;400;503,33;30;0;62;3;1181;1366 x 768;53;26;women;4
611;21;Movies;6,42;5,87;0;360;200;1072;0;0;0;2;1048;1366 x 768;53;26;women;1
261;22;Games;12,24;7,91;2;360;200;733,44;30;0;55;2;1743;1920x1200;54;25;men;4
322;22;Games;12,24;7,91;2;360;200;442,11;30;0;64;3;4035;1920x1200;54;25;men;3
323;22;Games;12,24;7,91;2;360;200;1729;0;0;0;2;640;1920x1200;54;25;men;1
407;22;Games;12,24;7,91;2;360;200;1002,33;30;0;43;1;1588;1920x1200;54;25;men;5
415;22;Games;12,24;7,91;2;360;200;934,11;30;0;70;3;1835;1920x1200;54;25;men;4
1;23;Games;10,22;7,34;2;360;200;363,89;30;0;62;2;1056;1920x1200;55;22;women;3
417;22;Games;12,24;7,91;2;360;200;1454;0;0;0;2;1016;1920x1200;55;22;women;1
504;22;Games;12,24;7,91;2;360;200;516,44;30;0;60;3;1372;1920x1200;55;22;women;3
512;22;Games;12,24;7,91;2;360;200;1108,11;30;0;61;3;1221;1920x1200;55;22;women;4
519;22;Games;12,24;7,91;2;360;200;982;0;0;0;4;787;1920x1200;55;22;women;1
538;22;Games;12,24;7,91;2;360;800;452,89;30;0;63;3;2163;1920x1200;55;22;women;5
580;22;Games;12,24;7,91;2;360;400;2181;0;0;0;3;667;1920x1200;55;22;women;1
586;22;Games;12,24;7,91;2;360;800;955,56;30;0;45;3;1232;1920x1200;55;22;women;3
594;22;Games;12,24;7,91;2;360;200;1078,11;30;0;68;3;1258;1920x1200;55;22;women;3
16;23;Games;10,22;7,34;2;360;200;446,89;30;0;62;3;2216;1920x1200;56;26;men;4
28;23;Games;10,22;7,34;2;360;200;1303;0;0;0;3;1084;1920x1200;56;26;men;1
33;23;Games;10,22;7,34;2;360;200;790,56;30;0;45;3;1695;1920x1200;56;26;men;3
43;23;Games;10,22;7,34;2;360;400;806,89;30;0;54;2;768;1920x1200;56;26;men;4
63;23;Games;10,22;7,34;2;360;400;810,56;30;0;42;3;2809;1920x1200;57;24;men;3
73;23;Games;10,22;7,34;2;360;200;310,11;30;0;59;3;2335;1920x1200;57;24;men;4
101;23;Games;10,22;7,34;2;360;800;367,22;30;0;60;3;835;1920x1200;57;24;men;4
103;23;Games;10,22;7,34;2;360;200;200,78;30;0;69;2;881;1920x1200;57;24;men;2
127;23;Games;10,22;7,34;2;360;200;1015,56;29;0;42;2;1289;1920x1200;57;24;men;4
169;23;Games;10,22;7,34;2;360;800;888,22;30;0;44;2;2222;1920x1200;57;24;men;3
172;23;Games;10,22;7,34;2;360;200;1152;0;0;0;3;773;1920x1200;57;24;men;1
179;23;Games;10,22;7,34;2;360;200;778;29;0;42;3;1016;1920x1200;57;24;men;4
182;23;Games;10,22;7,34;2;360;200;392;0;1;0;3;510;1920x1200;58;28;women;1
184;23;Games;10,22;7,34;2;360;200;566;0;0;0;2;786;1920x1200;58;28;women;1
189;23;Games;10,22;7,34;2;360;400;812;30;0;0;0;2806;1920x1200;58;28;women;1
236;23;Games;10,22;7,34;2;360;200;2699;0;0;0;0;734;1920x1200;58;28;women;1
279;23;Games;10,22;7,34;2;360;200;1084,33;30;0;68;3;1190;1920x1200;59;23;women;3
290;23;Games;10,22;7,34;2;360;200;1071,67;30;0;58;3;1735;1920x1200;59;23;women;4
333;23;Games;10,22;7,34;2;360;200;444,78;30;0;60;2;1529;1920x1200;59;23;women;5
346;23;Games;10,22;7,34;2;360;200;1402;0;0;0;2;1240;1920x1200;59;23;women;1
409;23;Games;10,22;7,34;2;360;200;505,67;30;0;0;0;2260;1920x1200;59;23;women;2
2;24;Games;12,85;8,07;3;360;800;452,78;30;0;63;3;2197;1920x1200;60;20;men;4
46;24;Games;12,85;8,07;3;360;800;902,56;30;0;57;2;2834;1920x1200;60;20;men;5
66;24;Games;12,85;8,07;3;360;200;2687,67;30;0;44;1;1190;1920x1200;60;20;men;5
102;24;Games;12,85;8,07;3;360;200;1385;0;0;0;3;1323;1920x1200;60;20;men;1
129;24;Games;12,85;8,07;3;360;200;1123;0;0;0;3;656;1920x1200;60;20;men;1
134;24;Games;12,85;8,07;3;360;200;1010;0;0;0;3;645;1920x1200;60;20;men;1
143;24;Games;12,85;8,07;3;360;400;703,67;30;0;53;2;3281;1920x1200;60;20;men;4
144;24;Games;12,85;8,07;3;360;200;449,11;30;0;62;3;2186;1920x1200;60;20;men;5
434;23;Games;10,22;7,34;2;360;200;985;0;0;0;3;1377;1920x1200;60;20;men;1
464;23;Games;10,22;7,34;2;360;200;1006;0;0;0;3;623;1920x1200;60;20;men;1
489;23;Games;10,22;7,34;2;360;200;584;0;1;42;13;785;1920x1200;60;20;men;1
527;23;Games;10,22;7,34;2;360;200;785,44;30;0;48;3;2159;1920x1200;60;20;men;3
161;24;Games;12,85;8,07;3;360;400;978;30;0;51;3;1263;1366 x 768;61;27;women;4
175;24;Games;12,85;8,07;3;360;200;440,33;30;0;62;2;2776;1366 x 768;61;27;women;5
195;24;Games;12,85;8,07;3;360;800;1381;0;0;0;3;631;1366 x 768;61;27;women;1
201;24;Games;12,85;8,07;3;360;200;770,33;30;0;58;2;1005;1366 x 768;61;27;women;4
217;24;Games;12,85;8,07;3;360;200;833,78;30;0;54;3;1867;1366 x 768;61;27;women;4
226;24;Games;12,85;8,07;3;360;200;427,78;30;0;62;2;706;1366 x 768;61;27;women;5
249;24;Games;12,85;8,07;3;360;200;574,78;30;0;61;3;828;1366 x 768;61;27;women;5
259;24;Games;12,85;8,07;3;360;800;464,44;30;0;62;3;2227;1920x1200;62;24;men;4
265;24;Games;12,85;8,07;3;360;200;1137;0;0;0;3;649;1920x1200;62;24;men;1
273;24;Games;12,85;8,07;3;360;200;356;0;0;0;3;2684;1920x1200;62;24;men;1
275;24;Games;12,85;8,07;3;360;800;705,67;30;0;54;2;1062;1920x1200;62;24;men;4
337;24;Games;12,85;8,07;3;360;200;364,11;30;0;62;2;1062;1920x1200;62;24;men;5
357;24;Games;12,85;8,07;3;360;200;444,78;31;0;63;2;1727;1920x1200;62;24;men;5
475;24;Games;12,85;8,07;3;360;200;727,33;30;0;54;2;963;1920x1200;62;24;men;4
494;24;Games;12,85;8,07;3;360;200;776,56;30;0;44;3;1054;1920x1200;62;24;men;4
507;24;Games;12,85;8,07;3;360;200;821,22;30;0;59;2;4091;1920x1200;62;24;men;3
509;24;Games;12,85;8,07;3;360;200;868,56;30;0;52;3;1865;1920x1200;62;24;men;5
